"nodes","X1","X2"
"x",-2,-1
"y",2,1
"z",-0.00349881144480979,0.000825539638027672
