"nodes","X1","X2"
"Umbrella Sales",1.05827939493417,-1
"Rain",0.784979382184135,-0.631021615481439
"Visibility",-0.0182838421612377,-0.298098665752061
"Surface Water",1.11813247042686,-0.269553518097351
"Speed Limit",2,0.247913257950648
"# Car Crashes",0.317507478936272,0.135032662074725
"# Fatalities",-0.768112926015277,0.361372730555344
"School Route",-2,0.884815743079195
"Cycle Lane",-0.174243430213772,1
"Road Safety",-0.609402293803632,0.62688824161041
